community_score,community_score_phrase,description,developers,genres,ign_score,ign_score_phrase,platforms,price,publisher,rating_category,rating_content,release_date,review_link,title
6.9,Okay,"Action-combat game, features seamless animations to match the show it's based on. Jack will move through four realms and 24 levels ranging from a village to a city from the future in Aku's universe, each with interactive backgrounds including sliceable ropes, breakable doors and secret passages. The enemy roster highlights Aku, Mad Jack and the Scotsman among 25 other creatures.

The primarily action-based game arms Jack with 25 signature moves, the ability to hurl shurikens, fire arrows from bows, and utilize four elemental swords. Players can even hand enemies their pink slip on life in a tongue-in-cheek bullet-time mode called ""Sakai Mode."" Created in collaboration with the show's creator, Genndy Tartakovsky, and the original voice cast.",,"Third-Person, Action",5.2,Mediocre,PS2 GCN Xbox,24.99 USD,SEGA,Developers,"Adrenium Games, Amaze Entertainment","March 23, 2004",http://ps2.ign.com/articles/501/501244p1.html,Samurai Jack: The Shadow of Aku
7.9,Good,"Pokemon Colosseum for the Nintendo GameCube is the sequel to the popular Pokemon Stadium series on the N64. Connect your Game Boy Advance to your GameCube in order to battle with over 200 detailed 3D versions of Pokemon from the Sapphire and Ruby GBA games. As well as uploading characters into Colosseum, players are able to load exclusive Pokemon from the GameCube game and take them on the go with the Game Boy Advance. In addition to the tournament battle mode, Colosseum boasts a full adventure mode with a storyline. In this mode, players follow the scent of a mysterious organization that has been turning Pokemon into Dark Pokemon.",Genius Sonority,"Turn-Based, RPG",7.5,Good,GCN,19.99 USD,Nintendo,E for Everyone,Mild Fantasy Violence,"March 22, 2004",http://cube.ign.com/articles/500/500909p1.html,Pokemon Colosseum
8.3,Great,"Squaresoft's legendary

series embarks on a new adventure where players from around the world are able to join forces for a persistent online quest. Gamers will control the fate of Vana'diel as they volunteer for missions to defend its nations and people. Customizable characters allow players to tailor physical attributes and skills to suit individual tastes as they select from five different races and 15 different jobs. Adventures span across 100 different areas such as mountains, deserts, oceans, castles and dungeons, and environments take on a life of their own as time and weather constantly change. As an added bonus, the Japanese expansion pack

has been included free of charge for American audiences.",,"Persistent Online, RPG",8.8,Great,PS2 Xbox 360 PC PC PC PS2,99.99 USD,Sony Computer Entertainment,Developers,"Square Enix, Square Enix","March 23, 2004",http://ps2.ign.com/articles/500/500717p1.html,Final Fantasy XI
8.8,Great,"The game begins under mysterious circumstances where main character John Carver finds himself tied to a chair in the empty, rusted belly of a decrepit cargo ship. Thanks to the help of an unseen stranger, John's restraints are loosened and he sets out to escape his captors. From this point on you are in control of John's destiny. Far Cry offers a variety of ways to approach each challenging situation, where players can choose to rely on firepower, strategy and stealth. An amazing new game engine (the CryENGINE) features breathtaking graphics, highly intelligent computer AI, and a host of other visual effects and technological advancements.",Crytek Studios,"First-Person, Shooter",9.2,Amazing,PC PS3 Xbox 360,39.99 USD,Ubisoft,M for Mature,"Blood, Intense Violence","March 23, 2004",http://pc.ign.com/articles/500/500550p1.html,Far Cry
0.3,Disaster,,Disney Internet Group,Platformer,3.5,Awful,Cell GG GB SMS PC NES SNES Gen Amiga,,Disney Internet Group,,,"Sep 9, 2003",http://wireless.ign.com/articles/503/503363p1.html,The Lion King
6.3,Okay,"The Dawn of Destiny marks the debut of the top-selling Yu-Gi-Oh! franchise on the Xbox. Xbox players can enjoy the unique interactive Yu-Gi-Oh! experience in the only game that brings the rules and gameplay of the popular trading card game to a 3D world. A card battling game at its heart, Yu-Gi-Oh! The Dawn of Destiny thrusts players into the heat of the action where they must duel against challenging foes and powerful monsters. Featuring elaborately rendered 3D graphics, the game brings the monsters from the hit franchise to life before players' eyes. Also available in the Xbox game are over 1,000 Yu-Gi-Oh! cards, including exclusive cards that have never appeared in any other Yu-Gi-Oh! videogame.",Konami Studios,Card,5.0,Mediocre,Xbox,19.99 USD,Konami,E for Everyone,Mild Fantasy Violence,"March 23, 2004",http://xbox.ign.com/articles/503/503519p1.html,Yu-Gi-Oh! The Dawn of Destiny
6.6,Okay,"Throughout three explosive PSone titles, Destruction Derby strapped you into powerful cars and encouraged you to dash and smash your way to the chequered flag. At long last, the PS2 offspring rumbles out of the pits and as well as being a highly polished, purring powerhouse of stock-car action, you can take on the world thanks to the online multiplayer option. DDA is the WWE of racing games with over-the-top drivers, muscle-bound motors and insane tracks. Race to the finish or smash the opposition to pieces, but whichever you choose you can kiss goodbye to your No Claims Bonus. Features 20 fully deformable and customisable low-riding cars, a huge range of unlockable characters, four-player split-screen battles, and up to 20 players online via broadband connection.",,Racing,4.5,Bad,PS2,19.99 USD,Global Star,Developers,"Studio 33, SIE Europe","March 29, 2004",http://ps2.ign.com/articles/502/502914p1.html,Destruction Derby Arenas
7.6,Good,"First-person roleplaying game, originally released for PC. Arx is the name of an underground urban environment where the player's adventure begins: in the realm of medieval fantasy. Be prepared to enter a world where the sun has slowly retreated and completely vanished. A world taken over by an unfriendly and threatening atmosphere, imposing the exodus of Arx inhabitants to the obscure meanders of a dwarf mine in order to survive. Arx Fatalis offers a number of interactions with objects and NPCs, realistic action fights, a unique real-time spell casting system, character creation, dialogues, puzzles and countless environments to explore.",,"First-Person, RPG",7.8,Good,Xbox PC,12.99 USD,DreamCatcher Interactive,Developers,"Arkane Studios, Wizarbox","Nov 14, 2003",http://xbox.ign.com/articles/503/503628p1.html,Arx Fatalis
,,,,Puzzle,8.5,Great,Cell,,Atlas Mobile,Developers,"Skunk Studios, Atlas Mobile","Mar 1, 2004",http://wireless.ign.com/articles/503/503356p1.html,QBz for Prizes!
6.8,Okay,"This classic platformer (before there were platformers) starred a miner that explored caves, looking for treasure -- but all he finds are trouble from a group of evil monks. Because the Runner has no weapons, he must dig holes for the monks to tumble into. In time, the holes fill up, trapping the bad guys -- provided they don't scurry out quickly. This updated version for cell phones trades in the old Apple IIe visuals for something a little more bright and colorful. The Runner is back, and his mission is the same -- capture treasure while digging pits that will hopefully swallow up your pursuers.",FT Mobile,Action,9.0,Amazing,Cell Mac iPod NES 7800 C64 400/800 Apple-II Cell Wii Wii U PC PS MSX2,,Hudson Soft,,,"Apr 1, 2004",http://wireless.ign.com/articles/503/503354p1.html,Lode Runner
,,"Thanks to the celebrity editions of poker tournaments of Bravo, Texas Hold 'Em has become the new game of choice amongst the twentysomething set. Atlas Mobile zeroed in on this trend and has prepped a poker game of its own for its groovy For Prizes! lineup of skill-based games. Now, Hold 'Em Poker+ For Prizes! is not Texas Hold 'Em. It is a variation on the game of poker that does indeed share some similarity with Texas, but is also a very different game altogether. Based on ThwartPoker (by ThwartPoker, Inc.), Hold 'Em Poker+ For Prizes! levels the field by allowing players to pick their cards after viewing a three card flop.",,Card,9.0,Amazing,Cell,,Atlas Mobile,Developers,"Thwartpoker, Atlas Mobile","Apr 8, 2004",http://wireless.ign.com/articles/503/503359p1.html,Hold 'em Poker+ for Prizes!
,,,Vicarious Visions,Action,7.5,Good,Cell PSP NDS PC Cell Cell PC Cell GCN NNG GBA PC PS2 Mac Xbox,,Sony Pictures Mobile,,,"May 11, 2004",http://wireless.ign.com/articles/516/516427p1.html,Spider-Man vs. Doc Ock
8.0,Great,"JAMDAT has crafted a golf game from all of the elements of Tiger Woods PGA Tour 2004, just without licensed players and real-life courses. If you're not familiar with the way the game works, JAMDAT has included a tutorial that nudges you along while you learn the ropes. Make sure you use the green overview so you know the course ahead, select your club, and fire up the swing meter. The swing meter is a multi-colored arc that appears around your player. Press the action key to begin filling the meter. When the ball reaches the small green silver, tap action again -- this selects the optimal amount of power. Then, the meter starts back down. Tap the action again when the meter crosses the bottom green silver -- this controls the accuracy of the shot.",JAMDAT,Sports,8.0,Great,Cell,,JAMDAT,,,"May 18, 2004",http://wireless.ign.com/articles/518/518592p1.html,JAMDAT Golf 2004
7.3,Good,"The cell adaptation of the blockbuster movie

is a multi-stage, side-scrolling action game that will remind you in many way ways of

mixed with a little

. Moving is attached to your phone's touchpad while shooting is assigned to the number keys. You must press different number keys depending on which direction you want to slash or shoot. For example, to shoot to the upper-left, you need to tap ""1."" The game follows the story of the film. You begin fighting Hyde and conclude in a showdown with Dracula. You have five lives to send Drac back to hell or you can try the game on ""easy"" mode (there are multiple difficulty settings), as you will discover a greater number of health and weapon power-ups.",Lavastorm Engineering,Action,6.0,Okay,Cell PS2 Xbox GBA,,Superscape,,,"May 15, 2004",http://wireless.ign.com/articles/517/517806p1.html,Van Helsing
,,,,Puzzle,8.0,Great,Cell,,Mobliss,,,"Aug 1, 2003",http://wireless.ign.com/articles/516/516975p1.html,Jumble
7.6,Good,"The classic Worms game-play remains unchanged, featuring turn-based fighting and relying on the player to judge the trajectory and strength of their shots in order to inflict maximum damage on opponents, but this time in glorious 3D. Favorite weapons such as bazookas, grenades, dynamite, air strikes and sheep are all present with, the addition of brand new weapons designed to take advantage of the new liberating 3D landscape. With a multitude of tactics available, coupled with the ever changing, randomly generated landscapes, Worms 3D promises to take Worms' award-winning gameplay to the next level.",Team17 Software,"Turn-Based, Strategy",7.5,Good,PC GCN Xbox PS2 GBA Mac,29.99 USD,,Publishers,"SEGA, Acclaim Entertainment","March 11, 2004",http://pc.ign.com/articles/520/520679p1.html,Worms 3D
7.2,Good,"EYE TOY: GROOVE is the successor to EYE TOY: Play, Sony's first Eye Toy game for the PS2. The Eye Toy, for players unfamiliar with it, is a camera that connects to the PS2 and projects a mirror image of the player on the screen. It recognizes hand and body movements, turning the player's body into the controller. In single-player mode, dots appear and move toward one of six these circles on the screen as music plays. The goal is to move your hand over the circle as the dot moves over it. Timing is everything, of course: getting the dot and circle lined up exactly scores you bonus points. As levels progress, the game throws in extra challenges. Dots with trails behind them make you shake your hand over the circle for a few extra seconds. The circles can also change into arrows for your hands to follow. A few times per round, the game will move into pose mode, asking players to strike the indicated pose to score points. In addition to the single-player game, EYE TOY: GROOVE includes a multiplayer mode for up to four people and a custom mode where players can create their own moves. In multiplayer mode, players can either challenge each other or work together to clear the dots. With these different modes, EYE TOY: GROOVE is a great party game. Eye Toy fanatics will enjoy the new challenges in Groove, and newcomers can see what the Eye Toy is all about.",SIE London Studio,Party,7.5,Good,PS2,25.99 USD,Sony Computer Entertainment,E for Everyone,Mild Lyrics,"April 20, 2004",http://ps2.ign.com/articles/507/507854p1.html,EyeToy: Groove
8.2,Great,"A violent action game from Rockstar, Manhunt is the story of James Earl Cash, a man previously thought dead who wakes up in a town filled with deadly gangs. Guided only by the whispers of a man named ""The Director"" through his earpiece, Cash must find whatever he can to survive the night. 

Players must make strategic choices as to which weapons to use, ranging from silent and stealthy to loud and destructive. Everyday items may be the key to your survival, as plastic bags become instruments of strangulation, and shards of glass your defensive weapons. Escape the nightmare that is Carcer City and maybe you'll learn the identity of the mysterious ""Director"".",Rockstar North,"Third-Person, Action",8.3,Great,PC PS3 Xbox PS2 PS4,19.99 USD,Rockstar  Games,M for Mature,"Blood and Gore, Intense Violence, Strong Language","April 20, 2004",http://pc.ign.com/articles/507/507836p1.html,Manhunt
8.1,Great,"A violent action game from Rockstar, Manhunt is the story of James Earl Cash, a man previously thought dead who wakes up in a town filled with deadly gangs. Guided only by the whispers of a man named ""The Director"" through his earpiece, Cash must find whatever he can to survive the night. 

Players must make strategic choices as to which weapons to use, ranging from silent and stealthy to loud and destructive. Everyday items may be the key to your survival, as plastic bags become instruments of strangulation, and shards of glass your defensive weapons. Escape the nightmare that is Carcer City and maybe you'll learn the identity of the mysterious ""Director"".",Rockstar North,"Third-Person, Action",8.3,Great,Xbox PS3 PS2 PC PS4,19.99 USD,Rockstar  Games,M for Mature,"Blood and Gore, Intense Violence, Strong Language","April 20, 2004",http://xbox.ign.com/articles/507/507777p1.html,Manhunt
10,Masterpiece,"For millions of years, our sun provided life on Earth with all the energy it needed. Then, on 25 June 2019, an alien species decided to hijack this energy source for its own ends – sucking all mankind into a savage struggle for survival…",Gameloft,Shooter,9.0,Amazing,Cell,,Gameloft,,,"Dec 1, 2003",http://wireless.ign.com/articles/507/507640p1.html,Planet Zero
7.9,Good,"Play as an acrobatic Prince who can run on walls, swing off poles, jump and flip, and much, much more. Using the Sands of Time, players can slow, stop and even reverse the flow of time to their advantage.",Gameloft,Platformer,9.5,Amazing,Cell PS2 Xbox PC GCN PS3 GBA,,Gameloft,,,"Nov 1, 2003",http://wireless.ign.com/articles/507/507269p1.html,Prince of Persia: The Sands of Time
,,"An exact port of the Famicom/NES classic game for the Game Boy Advance handheld system in commemoration of the 20th Anniversary legacy of the original Nintendo Famicom system (and the release of the Famicom Edition Game Boy Advance SP system). In this vertical blaster that set the pace for a multitue of ensuing classics from Husdon Soft, blast the alien force into oblivion!",Hudson Soft,Action,4.0,Bad,GBA,,Nintendo,,,Japan only,http://gameboy.ign.com/articles/500/500565p1.html,Star Soldier
,,"Blue Lava Wireless and developer Vanguard are keeping the ball rolling with Pinball Dragon. Pinball Dragon only has a single board, but the board is full of all the bells and whistles you expect to find on a pinball table -- bumpers, buzzers, ramps, flippers, etc. Pinball Dragon also has a variety of special events, triggered by nailing the right bumpers. Rings and shields appear in the center of the screen, and if you manage to hit the object three times, you can unlock special modes like multi-ball.",Vanguard,Pinball,7.5,Good,Cell,,Blue Lava Wireless,,,"Jan 1, 2004",http://wireless.ign.com/articles/500/500576p1.html,Pinball Dragon
8.8,Great,"An exact port of the Famicom/NES classic game for the Game Boy Advance handheld system in commemoration of the 20th Anniversary legacy of the original Nintendo Famicom system (and the release of the Famicom Edition Game Boy Advance SP system). It's a game of cops and robbers in this classic Namco platformer, so grab all the loot before the criminal Meowkies catch you and help Mappy save the day",Namco,Action,7.0,Good,GBA,,Nintendo,,,Japan only,http://gameboy.ign.com/articles/500/500164p1.html,Mappy
8.8,Great,"Touted as the most realistic WWII flight simulation game to date, IL-2: Forgotten Battles soars to new heights with this exhilarating expansion pack. Adding 20 authentic new aircraft, three never-explored environments, and 30 demading new missions, Ace will plunge you deeper than ever into the perilous world of a WWII fighter pilot.",1C Company,Flight,8.4,Great,PC,19.99 USD,Ubisoft,T for Teen,Violence,March 2004,http://pc.ign.com/articles/500/500346p1.html,IL-2 Sturmovik: Forgotten Battles -- Ace Expansion Pack
7.7,Good,"Capcom's

series takes a departure from its single player roots in the new multiplayer fighting game,

for the PlayStation 2. Including familiar story elements and gameplay mechanics such as absorbing enemy souls,

focuses on a unique fighting engine where up to four players can battle simultaneously. Fighting takes place in multi-tiered, ancient Japanese styled environments, as well as a few special levels inspired by other classic Capcom games. Fourteen fighters from the

universe are selectable from the start of the game, and over a dozen hidden characters (including Capcom's famed Mega Man) await players.",Capcom Production Studio 2,Fighting,7.0,Good,PS2,19.99 USD,Capcom,T for Teen,"Suggestive Themes, Violence","March 23, 2004",http://ps2.ign.com/articles/500/500079p1.html,Onimusha Blade Warriors
8.5,Great,"Mario vs. Donkey Kong is an action-puzzle game that places you in the shoes of Mario as you attempt to recover toys that were stolen by Donkey Kong. Over forty stages will be present in the game. Mario vs. Donkey Kong branches the theme out into a toy story/factory setting where Mario must rescue toy versions of himself stolen by Donkey Kong by using all sorts of platform hopping and switch flipping skills. At the end of a world's set of challenges, Mario must lead his collected toys like lemmings back to the toychest... a unique challenge new to the series. There are also boss battle challenges as well as extras that get unlocked as players leap through the areas collecting absolutely everything.",NST,Action,8.5,Great,GBA 3DS Wii U,34.99 USD,Nintendo,E for Everyone,Mild Cartoon Violence,"May 24, 2004",http://gameboy.ign.com/articles/518/518351p1.html,Mario vs. Donkey Kong
8.2,Great,"The latest baseball offering from 989 Studios is the only baseball game to offer strike zones proportional to individual hitters. Utilizing the PS2's analog buttons, players can now also take advantage of pressure sensitive pitching. Graphically, the game received a complete overhaul -- and all stadiums are designed with city specific details including haze, water effects, fireworks, and animated objects.

will also offer 78 Cooperstown legends, 6 old-time stadiums, throwbacks galore, online play similar to other 989 products (chats, tournaments, leaderboards), as well as all new voice recognition commands that will enable you to shift your outfield and call pitches with words rather than buttons.",989 Sports,Sports,7.9,Good,PS2 PS,17.99 USD,Sony Computer Entertainment,E for Everyone,,"March 16, 2004",http://ps2.ign.com/articles/499/499623p1.html,MLB 2005
,,"Aces of World War I is a cellphone game that mixes strategy with a little Warlords action. You control either the Axis and the Allies, each team positioned on opposite ends of the board. Now, each team has two bases, surrounded by defensive anti-aircraft guns designed to ward off intrusions. But the main action is sending your six squadrons of fighter planes into the field to dogfight the enemy, and eventually, take the Axis bases. Each turn begins with a roll of the dice. If you roll a six, you must move the full six spaces, even if that means you overshoot the enemy unit. If you do manage a roll that puts you in an adjacent square, you can attack -- the nature of which differs depending on the square you're in.  Card tactics also come into play as cards allow for specific types of attacks and maneuvers in the sky.",Pixel Dust Games,Strategy,8.0,Great,Cell,,Pixel Dust Games,,,"Mar 16, 2004",http://wireless.ign.com/articles/499/499788p1.html,Aces of WWI
7.4,Good,"Mafia brings the underworld of the 1930s to life in this third-person 3D action game. Rise from the lowly but well-dressed Footsoldier to the envied and feared Made Man in the era of big bands, zoot suits, and Model Ts. Take on the role of a hit man, enforcer, getaway driver, and more in your struggle for respect, money, and power within the Salieri Family. The game features 20 action-packed missions with sub-quests in a city more than 12 square miles large. From mob hits, car chases, shootouts and more, complete the unsavory tasks the Family requires done and you will be handsomely rewarded. Ported from the PC version.",Illusion Softworks,"Third-Person, Action",6.8,Okay,Xbox PS2 GCN PC,14.99 USD,Gathering,M for Mature,"Blood, Violence","March 12, 2004",http://xbox.ign.com/articles/503/503115p1.html,Mafia
7.8,Good,"Based on the hit CBS television series, CSI: Dark Motives gives players the opportunity to solve a series of crimes with members of the CSI team. Building off the success of Ubisoft's top-selling CSI: Crime Scene Investigation PC game, CSI: Dark Motives is a first-person adventure game that tests players' nerves and intellect as they examine crime scenes, question witnesses and analyze evidence utilizing the latest in forensic equipment. The game features a number of gameplay improvements over its predecessor, including in-depth evidence examination, scalable difficulty and more interactive lab functionality. CSI: Dark Motives once again features the likenesses and voices of the entire CSI cast.",Ubisoft,"First-Person, Adventure",8.4,Great,PC NDS,17.99 USD,Ubisoft,M for Mature,"Blood, Violence","March 23, 2004",http://pc.ign.com/articles/503/503136p1.html,CSI: Crime Scene Investigation: Dark Motives
6.1,Okay,"Lords of the Realm III is a real-time strategy game of historic medieval conquest that spans castle building, siege, politics, religion, and conquest. The game is set in the Middle Ages, between 850 AD and 1350 AD, and features authentic castle designs and characters. Various scenarios and campaigns encompass the British Isles, Germany, France, Normandy, Brittany, Flanders and Denmark. Extending the medieval world beyond combat, Lords of the Realm III takes into account the powerful clergy and merchant classes of the time which are important factions in the player's quest to become King.",Impressions Games,"Real-Time, Strategy",6.4,Okay,PC,19.99 USD,Sierra,T for Teen,Violence,"March 16, 2004",http://pc.ign.com/articles/503/503003p1.html,Lords of the Realm III
6.9,Okay,"Join your favorite slackers as they try to solve a mystery of supernatural proportions. The gang starts out on a routine case in the search of ghosts. During their search, a scheming business tycoon uses The Tome of Doom to unlock some of the creepiest monsters ever seen. Help Scooby and Shaggy find The Tome of Doom, capture monsters, and solve the mystery. Features include adventure-style gameplay that includes solving puzzles, searching for clues, capturing monsters with The Tome of Doom, and out-running some of the creepiest monsters. Play as either Shaggy or Scooby with the switch of a button- each with their own unique abilities. Explore a movie set, the wild west, a bayou, and a creepy laboratory. Featuring the voice talent of the Scooby-Doo cartoon voice actors.",A2M (Artificial Mind and Movement),"Third-Person, Action",5.5,Mediocre,Xbox GCN PS2,19.99 USD,THQ,E for Everyone,Suitable for Persons Ages Six and Older,"March 2, 2004",http://xbox.ign.com/articles/502/502680p1.html,Scooby-Doo! Mystery Mayhem
4.7,Bad,"There's turmoil in the island of Mata Nui. The dark spirit Makuta has infected the Rahi throughout the island -- using his control of the Bohrok, Bohrok-Kal, and Rahkshi to kidnap the Matoran villagers throughout the various Wahi. It's up to the guardians of each Wahi, the Toa warriors Tahi, Lewa, Kopaka, Gali, Pohatu, and Onua, to rescue the Matorans and find the Toa of Light, who is the only one strong enough to stop Makuta. Players control the six Toa heroes in this blend of platform action, combat and racing. Use elemental powers to defeat enemies, then snowboard down mountains, surf through lava fields, ride mine carts and grind along tree limbs.",Argonaut Games,Action,3.8,Awful,Xbox GBA PC GCN PS2 Mac,17.99 USD,,Publishers,"Electronic Arts, LEGO Interactive","October 20, 2003",http://xbox.ign.com/articles/502/502651p1.html,Bionicle: The Game
5.9,Mediocre,"Unleash the power of Porsche! Push yourself to the limit and break the will of your opponents, as you climb into the driver's seat of Destination Software's Need For Speed Porsche Unleashed racing game for your Nintendo Game Boy Advance system, sub-licensed from series originator Electronic Arts. Need for Speed Porsche Unleashed features circuit track racing, streetcar excitement, open road thrills, crashes, traffic, and more. Feel the surge of adrenaline as your own driving savvy and years of Porsche excellence come together at your fingertips for a thrilling ride at breakneck speed. Features 25 different models of Porsche cars, link cable support for four players (multiple cartridge), and cartridge save ability with four slots.",Pocketeers,Racing,6.0,Okay,GBA PC PS,14.99 USD,"Destination Software, Inc. (DSI)",E for Everyone,No Descriptors,"March 15, 2004",http://gameboy.ign.com/articles/502/502731p1.html,Need for Speed: Porsche Unleashed
6.3,Okay,"Scientific opinion was divided when, in 1864, Professor Hardwigg first told of his adventurous journey to the center of the Earth. Should scientists believe this far-fetched tale from a member of their community? An envious rival succeeds in undermining Hardwigg's credibility and gradually the whole story is forgotten. The expedition is rumored to have been pure fantasy.... Many years later, Ariane, a young reporter, is out covering a story for a leading discovery magazine. No sooner has her helicopter landed on a ledge of the Sneffels volcano than it is destroyed in a violent rockslide. Ariane is thrown clear, but the pilot is lost. She sets off to try and find help when suddenly the earth opens up under her feet... Thus begins an adventure in a mysterious world, locked away from the eyes of the world.",Frogwares,"Third-Person, Adventure",6.3,Okay,PC,9.99 USD,Microapplication,E for Everyone,No Descriptors,"Oct 31, 2003",http://pc.ign.com/articles/502/502226p1.html,Journey to the Center of the Earth
9.0,Amazing,"In Squad Assault: West Front, you command troops in both the Allied and German Armies of the West Front of World War II in an immersive full 3D continuous time environment. Squad Assault: West Front features detailed models for all the major armies that fought in France in 1944, including American, German, British, Canadian, and Free French. For those who prefer traditional turn-oriented play, a sixty second auto-pause feature for order entry and battlefield assessment allows for a more thoughtful game. A 2D overhead map view with order entry is also available for those who prefer to see the battle from above.",,"Real-Time, Strategy",7.2,Good,PC,49.99 USD,,Developers,"Freedom Games, DAS Entertainment","February 10, 2005",http://pc.ign.com/articles/502/502164p1.html,Squad Assault: West Front
6.6,Okay,"Adaptation of the board game mega-hit. The clever, speedy, and sneaky reap the rewards in a Trivial Pursuit game with ingenious new features (like betting and stealing), celebrity hosts, and big-time online showdowns. Prove yourself the smartest trivia-whiz on the block in this digital version of the classic Trivial Pursuit board game. Features high quality graphics, exciting animations, brand new gameplay styles, hundreds of multimedia clips and clues and thousands of celebrity read questions. The game offers multiple game modes: choose from the Unhinged mode, the original classic Trivial Pursuit game, and a customizable minigame. Online enabled for anytime brain battles against thousands of players.",Artech Studios,Trivia,7.0,Good,PS2 PC Xbox,29.99 USD,Atari,T for Teen,"Comic Mischief, Suggestive Themes","March 26, 2004",http://ps2.ign.com/articles/506/506449p1.html,Trivial Pursuit Unhinged
,,,,Pinball,6.0,Okay,Cell PSP NDS PC NDS Cell PC Cell GCN NNG GBA PC PS2 Mac Xbox,,Sony Pictures Mobile,,,"May 11, 2004",http://wireless.ign.com/articles/516/516424p1.html,Spider-Man 2 Pinball
7.3,Good,"Based on the Universal movie starring Hugh Jackman, Van Helsing recreates battles from the film and adds additional backstory not shown in the theatrical release. The game takes place in Transylvania and has players progress through Castle Frankenstein and Castle Dracula. Within this horror movie world, Van Helsing encounters several monsters from Universal Studios' archives. Dracula, the Wolf Man, Frankenstein, Igor, and Dr. Jekyll are just some of the licensed characters the monster hunter encounters and fights, along with hordes of original creatures made for the game. Van Helsing himself is equipped with several weapons, including his signature grappling hook that will work like Indiana Jones' whip, useful both as a tool to move around and a weapon.",Saffire,"Third-Person, Action",6.5,Okay,Xbox PS2 GBA Cell,14.99 USD,Vivendi Games,T for Teen,"Blood and Gore, Violence","May 6, 2004",http://xbox.ign.com/articles/512/512477p1.html,Van Helsing
8.1,Great,"Transformers is a fast-paced, single-player, third-person action/combat game allowing players to control of Optimus Prime, Hot Shot and Red Alert across 8 different environments on Earth and Cybertron.

Features include 40 different kinds of mini-con upgrades, 20 assorted types weapons, and the ability to transform from vehicle to robot form. Released exclusively for PlayStation 2.",Melbourne House,"Third-Person, Action",7.5,Good,PS2,29.99 USD,Atari,T for Teen,Fantasy Violence,"May 12, 2004",http://ps2.ign.com/articles/512/512473p1.html,Transformers
7.8,Good,"Soccer game, developed to coincide with the finals of the UEFA EURO 2004 tournament in Portugal (June 2004). In UEFA EURO 2004, gamers can play as any of the 51 European nations as you immerse yourself in the deepest championship mode ever released. Players can arrange and play friendly matches against other nations or play through the tournament going from qualifying, to playoffs and into the finals. In addition to tracking injuries and suspensions, a new dynamic morale system will track players' morale, which will fluctuate based on individual and team performances and affect player abilities on the field.",EA Canada,Sports,8.0,Great,PC Xbox PS2,9.99 USD,Electronic Arts,E for Everyone,Mild Lyrics,"May 4, 2004",http://pc.ign.com/articles/512/512335p1.html,UEFA EURO 2004 Portugal
,,,Sorrent,Sports,7.0,Good,Cell,,Sorrent,,,"May 5, 2004",http://wireless.ign.com/articles/512/512417p1.html,Batter Up! by FOX Sports
8.5,Great,"Third-person fantasy adventure sequel from Microids. Embarking on a desperate search for Hans Voralberg, Kate Walker crosses Europe from West to East. She has left behind all her worldly possessions with the express purpose of joining the heir of the Voralberg family on his journey. Together, through mystical and enchanting lands, they will find their way to the mythical Syberia, land of the forgotten mammoths. Make your way to Syberia, overcome many difficult obstacles on the way, and deal with shady characters to uncover clues vital to the continuation of the quest. The game features four different worlds to explore, an updated graphics engine with dynamic lighting effects, and settings designed by comics pioneer Benoît Sokal.",Microids,"Third-Person, Adventure",8.6,Great,PC PS3 Xbox 360 PS2 Xbox Switch,29.99 USD,XS Games,T for Teen,Mild Language,"March 30, 2004",http://pc.ign.com/articles/499/499749p1.html,Syberia II
7.8,Good,"Be the ultimate weapon. From one of the most successful film franchises of all time comes an action-adventure game of unprecedented power. For the first time ever, play Arnold Schwarzeneggar, in the most hard-edged, butt-kicking role of his phenomenal career: The Terminator.",Taniko,Action,6.5,Okay,GBA Cell PC PS2 GCN Xbox,19.99 USD,Atari,T for Teen,Mild Violence,"November 18, 2003",http://gameboy.ign.com/articles/534/534248p1.html,Terminator 3: Rise of the Machines
8.0,Great,,Downtown Wireless,Card,8.5,Great,Cell,,Downtown Wireless,,,"May 5, 2004",http://wireless.ign.com/articles/512/512400p1.html,Downtown Texas Hold 'em
8.3,Great,"Eidos Interactive's HITMAN: CONTRACTS for the Pc Games is the third game in the HITMAN series, which revolves around the assassin known only as 47. The game takes place as a series of flashbacks 47 sees as he lies dying. During these flashbacks, players experience a wide range of action and stealth missions as they shoot their way across the world. The flashback missions 47 sees during his injury-induced visions include some of the missions from the original game and some new missions, although the original missions have all been upgraded and expanded, so returning players won't feel like they're repeating previous games. Missions include eliminating a pair of brother assassins, disrupting a Russian arms deal, and escaping an asylum as he moves across the globe. Characters tend to speak in their native languages, as well, adding to the international flavor. 47 has many different abilities and weapons available. He can move stealthily, steal clothing to disguise himself, and use a number of poisons in addition to guns to take out his enemies. In many places, players have the option of accomplishing a mission using stealth or attacking enemies head-on, depending on their playing style. There are three difficulty modes, as well, so novice and experienced players can both enjoy the game. Shooter fans will find HITMAN: CONTRACTS a fun, entertaining game with a distinct noir style to it. Fans of the series won't be disappointed, either, as 47 relives many of his most exciting and dangerous missions.",Io Interactive,"Third-Person, Action",8.4,Great,PC PS3 PS2 Xbox,19.99 USD,Eidos Interactive,M for Mature,"Blood, Animated Violence, Strong Sexual Content","April 20, 2004",http://pc.ign.com/articles/507/507270p1.html,Hitman: Contracts
6.6,Okay,Rayman takes you out onto the green of an 18-hole golf course! Choose one of the 13 clubs at your disposal and do your best to tackle the obstacles that crop up throughout the course.,Gameloft,Sports,7.5,Good,Cell,,Gameloft,,,"Jun 1, 2002",http://wireless.ign.com/articles/507/507290p1.html,Rayman Golf
,,"Ride a mine wagon in a crazy rush through 10 levels as you try to exit the Devil's mine. Most levels have specific challenges and a special Xtreme mode is accessible for an endless gaming experience. As you play Rail Rider, feel the need for fast & furious speed!",Gameloft,Action,8.5,Great,Cell,,Gameloft,,,"Mar 1, 2004",http://wireless.ign.com/articles/507/507278p1.html,Rail Rider
8.4,Great,"The third installment in the critically acclaimed, multi-million selling Hitman series, developed by Io Interactive. Hitman: Contracts delivers more action-packed and suspense-filled missions, with a greater variety of ways to make the perfect kill and an increased arsenal of firearms and close-combat weapons. You'll begin, as usual, as Agent 47, one of the most ruthlessly efficient contract killers in gaming history. Beginning in Paris, the game sees 47 in a vunerable situation, and promises to be, the most disturbing episode in the series. A new graphics engine showcases your 'work' in brutal detail and brings the new locations to life. An improved control system and more gradual learning curve will ensure that the game is accessible to all aspiring hitmen.",Io Interactive,"Third-Person, Action",8.4,Great,Xbox PS3 PS2 PC,19.99 USD,Eidos Interactive,M for Mature,"Blood and Gore, Intense Violence, Strong Language, Strong Sexual Content, Use of Drugs","April 20, 2004",http://xbox.ign.com/articles/507/507246p1.html,Hitman: Contracts
8.3,Great,"Third installment in the critically acclaimed, multi-million selling Hitman series, developed by Io Interactive. Hitman: Contracts delivers more action-packed and suspense-filled missions, with a greater variety of ways to make the perfect kill and an increased arsenal of firearms and close-combat weapons. You'll begin, as usual, as Agent 47, one of the most ruthlessly efficient contract killers in gaming history. Beginning in Paris, the game sees 47 in a vunerable situation, and promises to be, the most disturbing episode in the series. A new graphics engine showcases your 'work' in brutal detail and brings the new locations to life. An improved control system and more gradual learning curve will ensure that the game is accessible to all aspiring hitmen.",Io Interactive,"Third-Person, Action",8.4,Great,PS2 PS3 Xbox PC,19.99 USD,Eidos Interactive,M for Mature,"Blood and Gore, Intense Violence, Strong Language, Strong Sexual Content, Use of Drugs","April 20, 2004",http://ps2.ign.com/articles/507/507268p1.html,Hitman: Contracts
7.5,Good,"In a world on the brink of global conflict, you find yourself back on the front lines of battle. Only this time, you're not here to prevent a war...  You're here to start one. A third-person shooter from Namco, kill.switch is a mission-based jaunt with 16 different weapons, 15 scenarios, and an emphasis on finding cover for protection. Players can dynamically use their environment as cover -- conform to objects and terrain, popping out to fire from protected positions. There is also a blindfire move that lets the main character fire without even looking. The relentless enemies in the game use the same tactics available to the player, and work as teams to take you down. PC version published by Hip.",Namco,"Third-Person, Shooter",7.8,Good,PC PS2 GBA Xbox,4.99 USD,Hip Interactive,T for Teen,"Strong Language, Violence","Mar 23, 2004",http://pc.ign.com/articles/506/506778p1.html,kill.switch
6.7,Okay,"Mace Griffin: Bounty Hunter immerses players in a universe of huge corporations, strange religious sects, and futuristic gun-slingers as Mace seamlessly travels from the ground to space tracking prey and unraveling a deep, and very dangerous mystery. The game features a seamless transition between first-person land combat and space-action, 17 unique player and spaceship weapons such as Tridal Nova Cannons, quad-barreled shotguns and sonic shock cannons, the ability to pilot 6 different ships, from powerful alien fighters to massive cruise liners, a cinematic storyline combined with lifelike NPCs that react based on their intelligence, bravery, and health for unparalleled immersion and 13 expansive missions with diverse environments offering different obstacles and inhabitants.",Warthog,Shooter,6.3,Okay,PC GCN Xbox PS2 Mac,29.99 USD,MumboJumbo,M for Mature,"Realistic Violence, Blood and Gore","January 5, 2004",http://pc.ign.com/articles/499/499618p1.html,Mace Griffin: Bounty Hunter
,,,SEGA Mobile,Platformer,7.5,Good,Cell Wii Gen PC PC,,SEGA Mobile,,,"Mar 1, 2004",http://wireless.ign.com/articles/499/499787p1.html,Vectorman
7.2,Good,"Havana, 2009. Castro is dead, and Cuba reels from a power vacuum. The Ghosts -- the elite team of U.S. Army Green Berets familiar to fans of the Ghost Recon series -- are deployed to halt a drug-funded warlord from sabotaging the island republic's first free elections in decades. Players compete in eight single-player missions deep in the jungles of Cuba as well as five desert missions. Jungle Storm features split-screen and online multiplayer action with 12 multiplayer maps (four fan-favorites from the original Ghost Recon). Online leaderboards let players match their skills with others thanks to real-time stats and skills tracking from battles and tournaments.",Ubisoft,"First-Person, Shooter",6.5,Okay,PS2 NNG Cell,19.99 USD,Ubisoft,T for Teen,Realistic Violence,"March 23, 2004",http://ps2.ign.com/articles/499/499617p1.html,Tom Clancy's Ghost Recon: Jungle Storm
8.3,Great,"The Battlefield franchise enters a new era equipped with more firepower, modernized weaponry and vehicles, and a deeper infantry experience from the jungles to the beaches of Vietnam. From villages on the Ho Chi Minh Trail to the city streets of Hue wage modern warfare as the United States or North Vietnamese Army (NVA). Select from a variety of characters within the different soldier classes as you command powerful new vehicles including attack and transport helicopters, the M551 Sheridan tank, and the F-4 Phantom fighter jet on the U.S. side and the Russian-made T-54 tank, the MIG-21, and Mi-8 multipurpose helicopter on the NVA side.",,"First-Person, Shooter",8.2,Great,PC,19.99 USD,Electronic Arts,Developers,"DICE  (Digital Illusions CE), DICE Canada (Digital Illusions)","March 15, 2004",http://pc.ign.com/articles/499/499490p1.html,Battlefield Vietnam
7.7,Good,"Trapped inside a mysterious laboratory and unable to remember his past, Derrick Cole discovers his extraordinary powers as he fights for survival against a determined military faction and a legion of seemingly invincible super-human warriors. Breakdown is a science fiction thriller combining the best elements of shooters and fighters into a comprehensive first-person action adventure. The twisting storyline is revealed through high-end, real-time rendered graphics, accompanied by a licensed music soundtrack. The game features fierce hand-to-hand and weapons-based combat, challenging puzzles, surreal dream sequences, advanced A.I. and massive, detailed environments for exploration. For mature audiences only.",Namco,"First-Person, Action",6.7,Okay,Xbox,19.99 USD,Namco,M for Mature,"Blood and Gore, Intense Violence","March 16, 2004",http://xbox.ign.com/articles/499/499289p1.html,Breakdown
6.1,Okay,"Midnight Nowhere is an adventure murder mystery set in a small town haunted by a serial killer. People are leaving the town in panic, the police are bending over backwards to catch the criminal, the military are putting cordons round the town -- but nothing can stop the maniac. New people are found dead every day. Horror and death reign over the town... Suffering from amnesia, you are cast right into the middle of this frightening scenario as you try to find out what you're doing in the middle of a room full of bodies. In this suspenseful, story-driven adventure you will solve numerous puzzles and battle creatures of the dark to reveal the ultimate mystery. Prepare yourself for a thrilling experience in a stunningly beautiful 3D world of suspense and horror.",Saturn Plus,Adventure,7.8,Good,PC,29.99 USD,,Publishers,"Buka Entertainment, Tri Synergy","Mar 29, 2004",http://pc.ign.com/articles/499/499460p1.html,Midnight Nowhere
8.2,Great,"The latest in the Harvest Moon series, a Wonderful Life pits gamers in a real-life simulation that spans the equivalent of 30 years. As you blossom from a young man into a mature adult you will be able to date, get married, and have a child that will eventually become a huge part of your life. For instance, you might have a boy who will grow to work side-by-side with you helping to farm your crops. So, having a child will have a huge affect on your life. The third-person roleplaying simulation features more than 40 characters to interact with as well as Game Boy Advance link-up.",Marvelous Entertainment,RPG,8.0,Great,GCN PS3 PS2 PS4,19.99 USD,Natsume,E for Everyone,"Alcohol Reference, Suggestive Themes","March 16, 2004",http://cube.ign.com/articles/498/498913p1.html,Harvest Moon: A Wonderful Life
7.1,Good,,Nuvostudios,Fighting,7.0,Good,Cell,,Digital Bridges,E for Everyone,Violence,"Apr 1, 2003",http://wireless.ign.com/articles/499/499222p1.html,The King of Fighters M
8.0,Great,"Koei brings PlayStation 2 owners a sequel to their original Xbox SF-fantasy action jaunt. Taking place two years after the original, Crimson Sea 2 allows players the ability to swap between characters Sho and Feanay across 60 different missions. For the first time ever, the series also includes a two-player mode that three different types of gameplay: versus, cooperative and time battle.",Koei,"Third-Person, Action",8.4,Great,PS2 PS3,49.99 USD,Koei,T for Teen,"Blood, Fantasy Violence, Suggestive Themes","March 30, 2004",http://ps2.ign.com/articles/500/500424p1.html,Crimson Sea 2
8.8,Great,"This is the sequel to Ubisoft's original Splinter Cell stealth action hit. The developers set out to take the light-and-shadow-based gameplay from the original and upgrade everything about it. Lead character Sam Fisher has an all-new set of moves at his disposal, including being able to climb higher after a split jump and a SWAT move across open doorways, and weapons have secondary functions. There are also plenty of new gadgets, including new vision modes, sonar devices, motion sensors, and secondary fire modes for his weapons. But the biggest upgrade comes in the form of a multiplayer mode that divides players into two teams: spies and mercenaries, each with specific gear, abilities and parameters.",,"Third-Person, Action",9.5,Amazing,PC GCN PS3 Xbox GBA PS2 Cell Cell,29.99 USD,Ubisoft,Developers,"Ubisoft Shanghai, Ubisoft Montreal","March 27, 2004",http://pc.ign.com/articles/502/502329p1.html,Tom Clancy's Splinter Cell Pandora Tomorrow
7.2,Good,"Adaptation of the board game mega-hit. The clever, speedy, and sneaky reap the rewards in a Trivial Pursuit game with ingenious new features (like betting and stealing), celebrity hosts, and big-time online showdowns. Prove yourself the smartest trivia-whiz on the block in this digital version of the classic Trivial Pursuit board game. Features high quality graphics, exciting animations, brand new gameplay styles, hundreds of multimedia clips and clues and thousands of celebrity read questions. The game offers multiple game modes: choose from the Unhinged mode, the original classic Trivial Pursuit game, and a customizable minigame. Xbox Live enabled for anytime brain battles against thousands of players.",Artech Studios,Trivia,7.0,Good,Xbox PC PS2,29.99 USD,Atari,T for Teen,Comic Mischief,"March 23, 2004",http://xbox.ign.com/articles/506/506458p1.html,Trivial Pursuit Unhinged
7.7,Good,"Survival horror spreads across the Internet in Capcom's new Resident Evil Outbreak for PlayStation 2. Play either in the single-player mode, or join others online against the terrifying setting of a zombie infested Raccoon City. Choose your own path in Outbreak, as the game's story adjusts to the player's decisions. Escape the city quickly as a clock ticks down the seconds to the moment a government missile eradicates the infected citizens of the doomed town. Be brave and play alone, or join up to four other survivors in a horrific battle to uncover the dark secrets of Umbrella, the biological company responsible for the chaos.",Capcom Production Studio 1,"Third-Person, Adventure",7.6,Good,PS2,29.99 USD,Capcom,M for Mature,"Blood and Gore, Intense Violence","March 30, 2004",http://ps2.ign.com/articles/502/502098p1.html,Resident Evil Outbreak
7.1,Good,"Budget-priced shooter ported by Terminal Reality. The title, which features 2D-style play mechanics and 3D graphics, is also available for PlayStation 2 and Xbox. In BlowOut, players assume the role of John ""Dutch"" Cane, a TransFed Marshall assigned to suppress a clone uprising before it gains momentum. Unbeknownst to Cane, though, the clones have been infected by a Xeno genome virus, turning them into grotesque and highly dangerous aliens. It's up to gamers to eliminate the threat using whatever means necessary. Cane's arsenal includes 20mm Pump-Action Shotgun, 8-meter Flamethrower, Plasma Rifle, Machine Gun, 8'' NailGun as well as a variety of gadgets, like Jetpacks, bounce-shields, and sonic-impulse cannons.",,Shooter,6.5,Okay,GCN PS3 PC Xbox PS2 Xbox 360,14.99 USD,Majesco,Developers,"KaosKontrol, Terminal Reality","March 15, 2004",http://cube.ign.com/articles/501/501976p1.html,BlowOut
4.0,Bad,"Kids' game from Capcom. Play as Mickey and rescue Minnie from mysterious flying creatures. You will need to solve puzzles, run, jump, dodge and hide from enemies. Control Mickey as he hangs on to ropes, climbs onto containers and uses stealth maneuvers to evade foes. The game features two playable characters; Mickey and Minnie, three unique gaming environment stages; Warehouse, Museum, and Ruins, and more than 30 animated sequences for both Mickey and Minnie to ""hide and sneak."" Gameplay is deliberately kept simple and easy to understand for the younger set, utilizing simple reaction-based elements, such as mastering the ""trick button"" which unleashes special tricks, combinations, and cut-scene rewards.",Capcom Production Studio 3,"Third-Person, Adventure",4.8,Bad,GCN,39.99 USD,Capcom,E for Everyone,No Descriptors,"November 25, 2003",http://cube.ign.com/articles/501/501972p1.html,Disney's Hide and Sneak
8.9,Great,"This is the sequel to Ubisoft's original Splinter Cell stealth action hit. The developers set out to take the light-and-shadow-based gameplay from the original and upgrade everything about it. Lead character Sam Fisher has an all-new set of moves at his disposal, including being able to climb higher after a split jump and a SWAT move across open doorways, and weapons have secondary functions. There are also plenty of new gadgets, including new vision modes, sonar devices, motion sensors, and secondary fire modes for his weapons. But the biggest upgrade comes in the form of a multiplayer mode that divides players into two teams: spies and mercenaries, each with specific gear, abilities and parameters.",,"Third-Person, Action",9.5,Amazing,Xbox GCN PS3 PC GBA PS2 Cell Cell,12.99 USD,Ubisoft,Developers,"Ubisoft Shanghai, Ubisoft Montreal","March 23, 2004",http://xbox.ign.com/articles/501/501337p1.html,Tom Clancy's Splinter Cell Pandora Tomorrow
6.4,Okay,"Aiming to bring the worlds of ninja fighting, Matrix-style gunplay, and cyberspace hacking together into one place, Cy Girls is a third-person action action thriller starring the sexy duo of Ice and Aska. Combining strength and style, this pair of spy-divas takes on the nastiest of cyber-terrorists in a world where the real and the virtual co-exist. Using their beauty, brains and brawn, these hot new heroines deliver twice the action. Play Ice and Aska on parallel story paths, fighting cyber-terrorists with Ice's weapons skills or Aska's ninja abilities. Cy Girls is a two-disc set, one for each main character. Known as Cool Girl in Japan.",Konami JPN (KCEJ),"Third-Person, Action",5.8,Mediocre,PS2,7.99 USD,Konami,M for Mature,"Blood, Strong Language, Suggestive Themes, Violence","March 23, 2004",http://ps2.ign.com/articles/501/501638p1.html,Cy Girls
7.1,Good,"Based on the Universal movie starring Hugh Jackman, Van Helsing recreates battles from the film and adds additional backstory not shown in the theatrical release. The game takes place in Transylvania and has players progress through Castle Frankenstein and Castle Dracula. Within this horror movie world, Van Helsing encounters several monsters from Universal Studios' archives. Dracula, the Wolf Man, Frankenstein, Igor, and Dr. Jekyll are just some of the licensed characters the monster hunter encounters and fights, along with hordes of original creatures made for the game. Van Helsing himself is equipped with several weapons, including his signature grappling hook that will work like Indiana Jones' whip, useful both as a tool to move around and a weapon.",Saffire,"Third-Person, Action",6.5,Okay,PS2 Xbox GBA Cell,14.99 USD,Vivendi Games,T for Teen,"Blood and Gore, Violence","May 6, 2004",http://ps2.ign.com/articles/512/512257p1.html,Van Helsing
8.5,Great,"La Pucelle: Tactics is a tactical RPG from Nippon Ichi, creators of Disgaea. La Pucelle: Tactics is a tale of betrayal and double cross, monsters in human form and humans in monster form, set in an alternate medieval Europe. The unlikely hero is a smart mouthed and undisciplined sixteen year old who just passed her exorcism exams and her comrades in La Pucelle, a demon hunting squad. La Pucelle serves up a rich storyline, with equal parts characterization and personality to match. Gameplay involves capturing monsters and successfully manipulating each stage's Dark Portals, all set to a quirky old-school atmosphere and complemented by extra gameplay features, like the bartering system. Over 100 hours of gameplay with multiple endings await.",NIS,"Turn-Based, Strategy",8.8,Great,PS2 PS3 PSP,14.99 USD,Mastiff,T for Teen,"Blood, Crude Humor, Mature Sexual Themes, Mild Violence","May 3, 2004",http://ps2.ign.com/articles/511/511522p1.html,La Pucelle: Tactics
7.1,Good,"Set in the not too distant future, when Earth as we know it has succumbed to a race of extra-dimensional creatures. All hopes for restoring order on the shoulders of a young boy, his sister and their crazy rebellious posse of militants. In more concrete terms, Future Tactics: The Uprising is a turn-based tactical RPG that's built around a highly complex battle engine, and features Story Mode and a two-player Battle Mode. Future Tactics: The Uprising comprises 18 3D environments, 19 levels, deformable terrain, fully animated and voiced cutscenes, a two-player customizable battle mode, the ability to custom build your team members with upgrades, and a Boot Camp tutorial mode.",Zed Two,"Turn-Based, Strategy",6.8,Okay,GCN PS2 Giz Xbox,19.99 USD,Crave Entertainment,T for Teen,"Alcohol Reference, Fantasy Violence, Mild Language","May 10, 2004",http://cube.ign.com/articles/512/512116p1.html,Future Tactics: The Uprising
6.2,Okay,"Set in the not too distant future, when Earth as we know it has succumbed to a race of extra-dimensional creatures. All hopes for restoring order on the shoulders of a young boy, his sister and their crazy rebellious posse of militants. In more concrete terms, Future Tactics: The Uprising is a turn-based tactical RPG that's built around a highly complex battle engine, and features Story Mode and a two-player Battle Mode. Future Tactics: The Uprising comprises 18 3D environments, 19 levels, deformable terrain, fully animated and voiced cutscenes, a two-player customizable battle mode, the ability to custom build your team members with upgrades, and a Boot Camp tutorial mode.",Zed Two,"Turn-Based, Strategy",6.8,Okay,Xbox PS2 GCN Giz,9.99 USD,Crave Entertainment,T for Teen,"Alcohol Reference, Fantasy Violence, Mild Language","May 6, 2004",http://xbox.ign.com/articles/512/512120p1.html,Future Tactics: The Uprising
7.6,Good,"Larian Studios second roleplaying game set in the award-winning Divinity universe. In Beyond Divinity, you become soul-forged with a Death Knight. Your fate is to spend the rest of eternity bonded to this creature of evil, unless you can undo this curse. You and your unlikely companion embark on a long adventure to unlock the secret of riftrunning... your only answer to this life of darkness. Beyond Divinity offers new gameplay featuring summoning of dolls,  total party control, generated quests and a detailed storyline filled with plot twists and lots of sub-quests.",Larian Studios,RPG,8.0,Great,PC Mac,29.99 USD,Hip Interactive,M for Mature,"Blood and Gore, Violence","April 27, 2004",http://pc.ign.com/articles/512/512079p1.html,Beyond Divinity
6.7,Okay,"Set in the not too distant future, when Earth as we know it has succumbed to a race of extra-dimensional creatures. All hopes for restoring order on the shoulders of a young boy, his sister and their crazy rebellious posse of militants. In more concrete terms, Future Tactics: The Uprising is a turn-based tactical RPG that's built around a highly complex battle engine, and features Story Mode and a two-player Battle Mode. Future Tactics: The Uprising comprises 18 3D environments, 19 levels, deformable terrain, fully animated and voiced cutscenes, a two-player customizable battle mode, the ability to custom build your team members with upgrades, and a Boot Camp tutorial mode.",Zed Two,"Turn-Based, Strategy",6.8,Okay,PS2 GCN Giz Xbox,14.99 USD,Crave Entertainment,T for Teen,"Alcohol Reference, Fantasy Violence, Mild Language","May 7, 2004",http://ps2.ign.com/articles/512/512121p1.html,Future Tactics: The Uprising
7.2,Good,"Game based on the second movie, developed by the makers of Vigilante 8. Shrek is on a journey to meet his in-laws, so Shrek 2 follows his adventure to Far Away Land and the chaos that ensues once Fiona's parents learn that their precious daughter is an ogre -- and is married to the crudest of them all. Shrek 2 features a mixture of puzzle solving and enemy bashing. Players are able to control one of four characters at any given time -- swapping between them at will. Each character has a set of basic attack moves and a special ability. Donkey has a ""Burro Blast"" that can knock down large objects, Shrek can pick up and throw heavy objects, and Fiona -- in a nod to her fight scene in the first movie -- can slow down time, Matrix-style.",Luxoflux Corp.,"Third-Person, Action",7.0,Good,GCN GBA PC Cell Xbox GBA PS2 PC PC Mac,19.99 USD,,Publishers,"Activision, TDK Mediactive","May 4, 2004",http://cube.ign.com/articles/511/511854p1.html,Shrek 2
8.3,Great,"Cell phone adaptation of the Xbox and PC blockbuster. Players take control of Sam Fisher who is deployed to help quell some terrorist action in East Timor. A terrorist by the name of Suhadi Sadono has crafted a biological nightmare scenario that only Sam can stop. Sam lives or dies by the dark, and you will come to look at your ""shadow meter"" (which tells you how invisible you are to enemy guards) before checking your health bar. If Sam slips into the shadows at the right time, he can linger there until a guard moves close enough to crack over the skull with his pistol, or move far enough way to plug with two the back of the head.

's action spills across eight levels, from the opening act in the rural jungle of East Timor to a stealthy romp through a fortress, to a submarine mission to Sadono's secret cryogen lab.",Gameloft,Action,9.5,Amazing,Cell GCN PS3 PC Xbox GBA PS2 Cell,,Gameloft,,,"Apr 1, 2004",http://wireless.ign.com/articles/506/506974p1.html,Tom Clancy's Splinter Cell Pandora Tomorrow
6.4,Okay,"""Aliens - get lost!"" This is your one and only thought upon your return to Earth in the year 2610. Commanding humankind's lone surviving battleship, you are forced to realize that the devastating war the BREED waged in the distant Besalius system was nothing other than a diversion. While the battle was raging far away, the aggressive aliens took over Earth. Now is the time to come to the aid of your home planet. Enter the world of CDV's first-person shooter and search for survivors to organize resistance. Discover your oppressors' weaknesses and strike at them without mercy. Your suicide squad has only one goal: to annihilate the BREED!",Brat Designs,"First-Person, Shooter",7.3,Good,PC Xbox,9.99 USD,cdv Software Entertainment,M for Mature,Strong Language,"Apr 9, 2004",http://pc.ign.com/articles/506/506862p1.html,Breed
8.4,Great,"Online focused sequel to Pro Race Driver. The game features a large number of racing competitions, including Street Racing, Stock Car, Open Wheel Grand Prix, Truck Racing, GT Sports Car Racing, Rally, DTM, V8 Supercars, Global GT Lights, Rally Cross, Formula Ford, Classic Car Racing, and more. Players slip into the role of an up-and-coming pro race driver and work their way through an all-new first person story mode. The game is set to sport 52 international circuits, as well as licensed cars from makers Ford, Aston Martin, Jaguar, Mitsubishi, Subaru, Audi, AMG-Mercedes, and more.",Codemasters,Racing,8.2,Great,Xbox PC PSP PS2 PSP,29.99 USD,Codemasters,T for Teen,"Mild Language, Mild Violence","April 13, 2004",http://xbox.ign.com/articles/506/506483p1.html,TOCA Race Driver 2
7.1,Good,"World Tour Soccer 2005, released as This is Football 2004 in Europe, gives players the ability to choose among 900 international and league teams from across the globe, 18,700 players from 30 divisions and 22 leagues. The game also features famous teams from the past such as the '90s Barcelona team, the '80s Milan team and the '70s Liverpool team. World Tour Soccer 2005 offers Exhibition Match, Season, Career, and Challenge Mode and a realistic sim-like soccer playing style. Developed by Sony's Computer Entertainment London Studio, the latest edition in the series also features upgraded graphics, an improved transfer market, and a deeper controler scheme with all-new passing and shooting systems.",SIE London Studio,Sports,7.6,Good,PS2,29.99 USD,Sony Computer Entertainment,E for Everyone,,"April 12, 2004",http://ps2.ign.com/articles/506/506645p1.html,World Tour Soccer 2005
7.0,Good,"The set-up is simple. You're on one side of the table, the computer -- represented by a small red triangle -- is on the other. While not the most stunning visual choice, it certainly keeps things clean. And when the ball starts flying across the table, you'll be grateful you don't have a graphic of a little man to worry about. The goal is to rally the ball back and forth, hoping to make the computer miss. Expertly crafted AI insures that the computer is no push-over, but it's also no Forrest Gump, either. While keeping your eye on the ball and the triangle, use the 4, 6, and 8 buttons to smack the ball back whether it's coming from the left, center, or right.",Sorrent,Sports,7.5,Good,Cell,,Sorrent,,,"Apr 12, 2004",http://wireless.ign.com/articles/506/506604p1.html,3D Slam Ping Pong
7.7,Good,"The story of Forbidden Siren (European title), released as Siren in Japan in 2003, centers on a land-locked village in Japan that disappears following the loud blaring of a siren. Later that day, the once inhabitants of the village emerge from blood-red waters that now surround the remnants of the village. They're no longer human though, having been somehow transformed into zombies. Choose from multiple characters, including a teenage boy leading a blind girl and a teacher and student duo to make your escape from the nightmare town. Forbidden Siren incorporates haunting environments, eerily realistic characters complete with motion-captured facial expressions, and unsettling camera techniques, resulting in one of the most terrifying games to date.",SCEI,"Third-Person, Adventure",7.7,Good,PS2 PS4 PS3,29.99 USD,Sony Computer Entertainment,M for Mature,"Blood and Gore, Intense Violence","April 20, 2004",http://ps2.ign.com/articles/506/506139p1.html,Siren
8.0,Great,"is an action-RPG from Germany-based development studio Ascaron Entertainment. Choose from an assortment of six characters including the Seraphim, Gladiator, Vampire, Battlemage, a Wood Elf, and a Dark Elf, each with unique fighting styles and special abilities. Various play options allow for online multiplayer, as well as an expansive single player quest, which boasts over 200 missions including side quests. Innovative additions to gameplay include environmental factors such as a day-to-night cycle, which will effect the abilities of the Vampire character (she takes the form of a knight by day, and draws on her vampire strengths at night).",Ascaron Entertainment,RPG,7.8,Good,PC Cell,,Encore,T for Teen,"Blood, Fantasy Violence, Mild Language","March 23, 2004",http://pc.ign.com/articles/506/506015p1.html,Sacred
8.2,Great,"The latest installment in Acclaim's genre-defining baseball series is packed with exclusive feature innovations and online head-to-head play plus a much deeper franchise mode than ever before. To make the look and feel of the game even more realistic, ASB 2005 features an exclusive new Fieldercam and Broadcastcam presentation, analog batting, two man commentary from Steve Lyons and Tom Brennaman, a tutorial mode, create-a-player, around 50 HoF and MLB legends, and more than 80 stadiums. The new franchise mode includes Spring Training, Expansion Mode, Create-A-Team and random season schedulesm, and there is also a 2003 Scenario Mode (TWIB Challenge – This Week in Baseball) that lets you relive or change historic moments from the 2003 MLB season.",Acclaim Studios Austin,Sports,7.9,Good,PS2 Xbox,7.99 USD,Acclaim Entertainment,E for Everyone,Suitable for Persons Ages Six and Older,"April 8, 2004",http://ps2.ign.com/articles/509/509729p1.html,All-Star Baseball 2005
5.8,Mediocre,"First-person shooter, set in the year 2010. Your mind is trapped by a virus-infected virtual reality-playing machine called FireStarter. The virus caused the gaming machine to change the rules and you have only 48 hours to complete the game and escape the trap. Fight your way through countless levels crowded with dangerous monsters with the help of your personal skills and the more than 20 types of weapons and unique artifacts. Level clear conditions vary from a need to survive for a certain amount of time to eliminating a certain monster/device. There are six unique character classes to choose from, each with a unique set of characteristics and skills. Advance through the game to develop your stats and improve your abilities and skills. Features multiplayer modes for up to 32 players over LAN or Internet.",GSC Game World,"First-Person, Shooter",7.5,Good,PC,7.99 USD,Hip Interactive,M for Mature,"Blood and Gore, Intense Violence","March 9, 2004",http://pc.ign.com/articles/496/496819p1.html,FireStarter
8.6,Great,"The gear grinding action is more intense than ever in the newest, Xbox Live enabled version of this award winning rally racing series. Instinctive car handling combined with new championships, custom rallies, new single and multiplayer gaming modes, and unique car part testing deliver the perfect rally gaming experience. Players can drive in over 20 vehicles constructed in exquisite detail with improved physics and handling, giving the player even more control. The Mitsubishi EVO 7, Subaru Impreza and Citroen Xsara, alongside classic cars, are just some of the vehicles players can take through the mud and rocks. An advanced visual engine creates dramatic replays in jaw-dropping detail.",Codemasters,Racing,8.7,Great,Xbox Cell PC PS2,16.99 USD,Codemasters,E for Everyone,No Descriptors,"March 2, 2004",http://xbox.ign.com/articles/499/499202p1.html,Colin McRae Rally 04
6.6,Okay,"Join your favorite slackers as they try to solve a mystery of supernatural proportions. The gang starts out on a routine case in the search of ghosts, but during their search, a scheming business tycoon uses The Tome of Doom to unlock some of the creepiest monsters ever seen. Help Scooby and Shaggy find The Tome of Doom, capture monsters, and solve the mystery. Features include deep puzzle solving, uncovering clues, capturing monsters with The Tome of Doom, and out-running some of the evilest monsters around. Play as either Shaggy or Scooby with the switch of a button (each with unique abilities) and explore a movie set, the Wild West, a bayou, and a creepy laboratory.

even boasts vocal talent from the

cartoon.",A2M (Artificial Mind and Movement),"Third-Person, Action",5.5,Mediocre,PS2 GCN Xbox,19.99 USD,THQ,E for Everyone,Suitable for Persons Ages Six and Older,"March 2, 2004",http://ps2.ign.com/articles/499/499001p1.html,Scooby-Doo! Mystery Mayhem
6.7,Okay,"Developed by GBA specialist Vicarious Visions, Shrek 2 is an action game heavily inspired by Blizzard's classic The Lost Vikings. Players must get through specific platform challenges by utilizing each character's strengths and abilities. Shrek is beefy, so he can carry items that can be stacked elsewhere, or butt-stomp weakened floors. Donkey can leap higher and kick down walls. Later on, players acquire new characters, like swashbuckling Puss In Boots who can cling to walls and grind down banisters, as well as plenty of other characters from the movie. Learn the attributes of each character's personality, attacks and abilities to progress through an action-packed quest. Use Shrek's ogre strength, Donkey's burro kick and Princess Fiona's ability to slow time.",Vicarious Visions,Action,7.9,Good,GBA PC Cell GCN GCN Xbox PS2 PC PC Mac,19.99 USD,Activision,E for Everyone,Mild Cartoon Violence,"May 4, 2004",http://gameboy.ign.com/articles/511/511355p1.html,Shrek 2
7.5,Good,"You no longer have to wait for league night to enjoy the fun of competitive bowling. Strike Force Bowling features authentic real time physics in an easy-to-use arcade style control. Pins never quite fall the same way twice, bowling balls react according to a combination of spin, material and lane friction. Noise of the alley getting on your nerves? Take your game on the road! Knock over skull-tipped pins on the pitching deck of a pirate ship. Play under the watchful eyes of the Sphinx in ancient Egypt. Bowl over tiki heads at the end of a pier on a tropical island. These and other exotic locations await. Six unique play modes keep things interesting, including Skins, Golf, Challenge and Practice modes, as well as Open and Tournament play. Multiplayer mode allows for up to four players, or play against computer-controlled opponents.",Lab Rats Games,Sports,4.0,Bad,Xbox PS2 GCN,19.99 USD,Crave Entertainment,E for Everyone,,"May 6, 2004",http://xbox.ign.com/articles/510/510436p1.html,Strike Force Bowling
6.5,Okay,"Hero's Call 2 follows in the footsteps of its predecessor. The dungeons are laid out differently and there are major changes are in the weapon and magic departments. You have access to new weapons and spells -- powerful magic that strikes fear, blindness, and confusion into your enemies. You still wander mazes and dungeons, slaying monsters by walking up to them and pressing an ""action"" button. Beating a dungeon usually gives you enough gold to head aboveground and buy new items, making future dungeons a little easier to survive -- and you'll need the help because the beasts are no push-overs. Fortunately, you can access sub-screens that detail monsters -- their names, their powers, and personal stats. Should you get roughed up, just find a quiet corner and allow your health to regenerate.",Emodiv,RPG,7.5,Good,Cell,,Sony Online Entertainment,,,"Apr 28, 2004",http://wireless.ign.com/articles/510/510630p1.html,EverQuest: Hero's Call 2
8.1,Great,"The latest installment in Acclaim's genre-defining baseball series is packed with exclusive feature innovations and online head-to-head play plus a much deeper franchise mode than ever before. To make the look and feel of the game even more realistic, ASB 2005 features an exclusive new Fieldercam and Broadcastcam presentation, analog batting, two man commentary from Steve Lyons and Tom Brennaman, a tutorial mode, create-a-player, around 50 HoF and MLB legends, and more than 80 stadiums. The new franchise mode includes Spring Training, Expansion Mode, Create-A-Team and random season schedulesm, and there is also a 2003 Scenario Mode (TWIB Challenge – This Week in Baseball) that lets you relive or change historic moments from the 2003 MLB season.",Acclaim Studios Austin,Sports,8.0,Great,Xbox PS2,39.99 USD,Acclaim Entertainment,E for Everyone,Suitable for Persons Ages Six and Older,"March 23, 2004",http://xbox.ign.com/articles/501/501060p1.html,All-Star Baseball 2005
7.5,Good,"Adventure game, set in the show's seventh season. Mulder and Scully travel to the small Rocky Mountain town of Red Falls to investigate a string of unusual murders linked to ghost sightings, the undead, and other paranormal phenomena. The agents then pursue an inhuman killer to a secret research facility in the Siberian wasteland and finally into the depths of a buried alien spacecraft. If they survive, they will unravel the mystery of the black oil and prevent the alien colonization of the planet...for now. Resist or Serve contains three interwoven episodes created by the executive producers of the TV show, as well as authentic voiceovers by David Duchovny, Gillian Anderson and the rest of the original cast.",,"Third-Person, Adventure",6.7,Okay,PS2 Xbox,19.99 USD,,Developers,"Black Ops, Sierra","March 16, 2004",http://ps2.ign.com/articles/505/505842p1.html,The X-Files: Resist or Serve
7.2,Good,"Action-combat game, features seamless animations to match the show it's based on. Jack will move through four realms and 24 levels ranging from a village to a city from the future in Aku's universe, each with interactive backgrounds including sliceable ropes, breakable doors and secret passages. The enemy roster highlights Aku, Mad Jack and the Scotsman among 25 other creatures. The primarily action-based game arms Jack with 25 signature moves, the ability to hurl shurikens, fire arrows from bows, and utilize four elemental swords. Players can even hand enemies their pink slip on life in a tongue-in-cheek bullet-time mode called ""Sakai Mode."" Created in collaboration with the show's creator, Genndy Tartakovsky, and the original voice cast.",,"Third-Person, Action",5.2,Mediocre,GCN PS2 Xbox,19.99 USD,SEGA,Developers,"Adrenium Games, Amaze Entertainment","March 23, 2004",http://cube.ign.com/articles/501/501241p1.html,Samurai Jack: The Shadow of Aku
7.7,Good,"Counter-Strike: Condition Zero (CS:CZ), a tactical action game, challenges you to compete with and against cunning AI opponents in mission-based campaigns spread across the globe. As squad leader of an elite counter-terrorist operative, use specialized maneuvers and weapon skills to complete over 20 new missions, each containing numerous objectives. Drop into challenging scenarios -- from harsh jungle environments to severe arctic terrains, from unforgiving deserts to dangerous international city streets. Rescue hostages. Escort VIPs to safety. Locate and defuse bombs. This collection of entirely new episodes challenges your ability to think quickly and strategically. Features highly-detailed models, atmospheric enhancements such as snow and rain, and many more dynamic special effects.",,"First-Person, Shooter",7.0,Good,PC,29.99 USD,Vivendi Games,Developers,"Valve, Turtle Rock Studios","March 23, 2004",http://pc.ign.com/articles/501/501311p1.html,Counter-Strike: Condition Zero
8.1,Great,"follows our mulleted hero Wade Hixton in a seemingly unintended boxing career after his car falls apart in a mysterious town. Each encounter in this town is another match for Wade to fight in, and there's nearly a dozen different opponents to fight, from a junkyard king that uses a raccoon-in-a-bag, to a purple-suited pimp named Sweetness. Each boxer has his or her own set of special attacks beyond the standard set of punches, so players will have to stay on their toes in order to progress through the ranks. Successfully win fights, and you can increase your own abilities with earned cash...or do some goofy stuff like buy the referee some really strange hats.",,Sports,8.0,Great,GBA digiBLAST,19.99 USD,"Destination Software, Inc. (DSI)",Developers,"Inferno Games, Engine Software","March 15, 2004",http://gameboy.ign.com/articles/501/501206p1.html,Wade Hixton's Counter Punch
7.7,Good,"Game based on the second movie, developed by the makers of Vigilante 8. Shrek is on a journey to meet his in-laws, so Shrek 2 follows his adventure to Far Away Land and the chaos that ensues once Fiona's parents learn that their precious daughter is an ogre -- and is married to the crudest of them all. Shrek 2 features a mixture of puzzle solving and enemy bashing. Players are able to control one of four characters at any given time -- swapping between them at will. Each character has a set of basic attack moves and a special ability. Donkey has a ""Burro Blast"" that can knock down large objects, Shrek can pick up and throw heavy objects, and Fiona -- in a nod to her fight scene in the first movie -- can slow down time, Matrix-style.",Luxoflux Corp.,"Third-Person, Action",7.0,Good,PS2 GBA PC Cell GCN Xbox GBA PC PC Mac,19.99 USD,,Publishers,"Activision, TDK Mediactive","April 28, 2004",http://ps2.ign.com/articles/511/511858p1.html,Shrek 2
7.1,Good,"Game based on the second movie, developed by the makers of Vigilante 8. Shrek is on a journey to meet his in-laws, so Shrek 2 follows his adventure to Far Away Land and the chaos that ensues once Fiona's parents learn that their precious daughter is an ogre -- and is married to the crudest of them all. Shrek 2 features a mixture of puzzle solving and enemy bashing. Players are able to control one of four characters at any given time -- swapping between them at will. Each character has a set of basic attack moves and a special ability. Donkey has a ""Burro Blast"" that can knock down large objects, Shrek can pick up and throw heavy objects, and Fiona -- in a nod to her fight scene in the first movie -- can slow down time, Matrix-style.",Luxoflux Corp.,"Third-Person, Action",7.0,Good,Xbox GBA PC Cell GCN GBA PS2 PC PC Mac,19.99 USD,,Publishers,"Activision, TDK Mediactive","May 4, 2004",http://xbox.ign.com/articles/511/511859p1.html,Shrek 2
5.5,Mediocre,"Developed by Sensory Sweep Studios and Screaming Games, Yu Yu Hakusho: Spirit Detective tells the saga of Yusuke Urameshi and his struggle for redemption as he battles evil in both the universe of the living and the spirit world. In Spirit Detective, players guide Yusuke through adventures taken directly from the popular series, chronicling approximately the first third of the hero's 112-episode animated journey. Players can assume the role of six major characters from the show including Yusuke, Kuwabara, Kurama, Hiei, Botan and Kayko. Additionally, the game includes the major enemies from the television series' Spirit Detective Saga and offers more than 20 levels of gameplay.",Sensory Sweep,Action,3.0,Awful,GBA,7.99 USD,Atari,T for Teen,Mild Animated Violence,"December 9, 2003",http://gameboy.ign.com/articles/534/534245p1.html,Yu Yu Hakusho: Spirit Detective
8.1,Great,"GameCube sequel to the Japan-only N64 mech battle titles. Players customize and build up their own mech soldiers by choosing from 200 different parts and weapons, then send them into battle in one of 30 different arenas. Arenas range from the canyon and warehouse stages found in the original game to all-new VR arenas. Each battle starts off with a casting of the dice -- only that these dice are the Robos in their undeployed state. They will then literally unfold Origami-style into the full-blown fighting machines. That's when the weaponry comes in. Using lasers, homing missiles, bombs, special attacks, tackles, and the all-important sentry drones, players blow each other sky-high in the battle for the cup.",,Action,6.5,Okay,GCN,39.99 USD,Nintendo,Developers,"Noise (Marigul), Nintendo","May 10, 2004",http://cube.ign.com/articles/511/511435p1.html,Custom Robo Battle Revolution
8.1,Great,"Painkiller is a first-person shooter featuring a horror setting brought to life by a powerful graphics engine and some of the nastiest level bosses ever seen. The main character is stranded in a place between Heaven and Hell -- the time of judgment is at hand. As a pawn in an unholy war, players battle hordes of monsters while collecting souls. For every 100 souls he can morph into a powerful possessed creature. Played across more than 20 completely different levels, the game is powered by the proprietary 3D ""PAIN Engine"" and the Havok 2.0 physics engine, allowing for interactive environments and rag-doll physics.",People Can Fly,"First-Person, Shooter",7.0,Good,PC PSP Xbox PS2 iPhone,,DreamCatcher Interactive,M for Mature,"Blood and Gore, Violence","April 12, 2004",http://pc.ign.com/articles/506/506091p1.html,Painkiller
7.2,Good,"The console-only edition of the freaky all-out action series builds off of the Serious Sam engine for a slightly different gameplay experience -- Climax has twisted the game design to feature similar stages to the first to

games, but has added new beasts, new weapons (for a total of 12), and even the ability to ride vehicles. A new scoring system encourages players to get high scores and earn Gold Medals, which are used to unlock hidden levels, new features, cheats and more. This edition of the series also features 4-player multiplayer, with deathmatch, bomb tag, and capture-the-flag, plus 8-player online gaming for PlayStation 2.",,"First-Person, Shooter",6.2,Okay,PS2 GCN,19.99 USD,Global Star,Developers,"Climax Studios, Croteam","April 15, 2004",http://ps2.ign.com/articles/506/506003p1.html,Serious Sam: Next Encounter
7.9,Good,,,Puzzle,9.5,Amazing,Cell PC TVgame Web Web PC Web Xbox PDA Palm iPod GBA,,JAMDAT,Developers,"Demivision, PopCap Games","May 1, 2003",http://wireless.ign.com/articles/505/505639p1.html,Bejeweled Multiplayer
6.1,Okay,"Sci-fi fantasy adventure game sequel. A malevolent power has stolen control of all the souls of Evany, and you alone have survived. With the help of a star portal left behind by a mysterious visitor, you escape your imprisoned planet and find yourself alone in a vast galaxy of unknown worlds, desperate to find help for your beleaguered home. Journey to an island of robots, a mysterious abandoned desert dwelling, and the sparkling glass towers of the Merari, an ancient sea people who are involved in the resistance against the Balial, to solve the mystery behind The Far Realm. The game features 47 locations and 10 different environments in three different worlds.",Earthlight Productions,Adventure,5.9,Mediocre,PC,14.99 USD,,Publishers,"The Adventure Company, DreamCatcher Interactive","Mar 17, 2004",http://pc.ign.com/articles/505/505550p1.html,Crystal Key II: The Far Realm
